Id,Subject,Theme,Topic,Subtopic
03d5a820-c1d0-4248-8e7f-c7b675aeacd7,Physics,Sound,Sound Propagation - Vacuum,Explain why sound cannot travel through a vacuum.
042fd563-32b4-4880-8856-f336b38c646c,Physics,The universe and its evolution,Structure of the Universe - Stars,"The criteria for classifying stars (mass, temperature, luminosity)."
046aa473-2fb0-4ee2-a075-6ec8b193a7ee,Biology,Plant Reproduction,"The formation of sex cells, pollination, and fertilization",
0508e9ea-01c2-4b6f-8d99-9e2f0b7334be,Physics,Radioactivity,Background Radiation,
05c89b6e-acf1-4c65-956e-9d8bd3c8920b,Biology,Plant Structure,vascular tissue,the functions
0779ef4a-ce4b-40a7-9a81-2cefc2660f01,Biology,Evolution,Concept of Evolution,Evidence
08137f67-235c-4223-b62b-fbfb44e9086d,Physics,Sound,Sound Characteristics- Intensity,Intensity relation to distance from the sound source.
0964fec7-2dbe-4e20-995d-4e508fb944d8,Chemistry,Periodic law,Metal and Nonmetal Ionization,Groups 1 (IA) and 17 (VIIA) Examples
096ebb77-a4f5-48c3-974e-43aed980bcbe,Physics,Optical Instruments,Telescopes and Binoculars,
0a3d1000-df56-474f-a76b-199cb9d10339,Biology,Cell Structure and Function,Bacterial Cell,Nucleoid: Storage of hereditary information
0b62b219-35f4-4ce5-bf9b-d82e3264797c,Biology,Plant Structure,Leaves,
0b7f3c3a-1135-4f82-aa86-6bb8f7b5fe12,Physics,Material structure,Coulomb,
0bfd2d41-bb34-489e-8ffc-cdc7aaee1ba0,Physics,Optical Instruments,Vision Correction - Nearsightedness (Myopia),
0bfea1b6-0cd8-4e7f-b9e6-0babd5e7523d,Biology,Viruses,Virus Role,Discuss the components of a virus and their functions.
0c2cf2fc-b553-41ce-9ef4-2ec4ed8f8d3e,Biology,Plant Structure,Fruits,the functions
0c4a7070-194d-4f60-abd0-96d7abaedc01,Chemistry,Periodic law,Periods and Groups,The significance of periods and groups
0c580b26-22e7-4e52-b21f-de50d6af22f5,Physics,Sound,Types of Sound-Ultrasound,The characteristics and applications of ultrasound.
0c6080e1-1efb-4762-ae44-9046083efd46,Biology,Plant Structure,Roots,the functions
0c744d76-7209-4a7a-92da-0dfa448e226b,Physics,Optical Instruments,The Eye,Structure
0cd51030-5d0f-4186-a8cb-61c5c3f98307,Biology,Cell Structure and Function,Bacterial Cell,Parts and function of parts
0d86d24d-cbcb-479a-9125-bcdc58360e0a,Physics,Sound,Types of Sound- Infrasound,The characteristics and applications of infrasound.
0daf6daa-3894-4dac-8928-a150baf35026,Chemistry,Periodic law,Similarities of Elements in a Group,Valence Shell
0e51b0ac-ef76-4a67-81ee-1b3873617da7,Chemistry,Chemical Reactions,Classifying Chemical Reactions,"Combination, Decomposition, Single Displacement, Double Displacement Reactions"
0e78db97-5fec-4cc7-9799-389aa5e86480,Chemistry,Chemical Reactions,Stoichiometric Calculations,Calculating Reactant or Product Masses using Relative Molecular Masses and Balanced Equations
0ebbb4ba-a1bc-400f-a409-a6a098bb4201,Chemistry,Material structure,Atomic Structure of the First 20 Elements,
0edccf83-b448-4dec-b2c4-eeb8ec6df220,Biology,Vertebrates,Reproduction,
0f59148a-de52-4786-b539-19dfb0945d97,Chemistry,Material structure,The number of neutrons in an atom,
1027bad2-9956-4083-bdcb-60c9ab61dc57,Biology,Plant Structure,"Tissues ",
12503b33-88cd-4b8c-98a5-6d5086e82c54,Biology,Diversity of life,Classification Principles,Explain how these principles are used to classify organisms.
13d1b438-c3d8-46d6-8290-8bbe745d6998,Physics,Radioactivity,Background Radiation,Sources
145c386a-95fa-4e13-8681-5e0a3711f16f,Biology,Evolution,Concept of Evolution,
14847c8f-fbb5-480f-aeaf-132c47032875,Physics,Light,Light Ray,
1508e547-b7b9-4fe5-b080-742234be36b8,Physics,Radioactivity,Beta Radiation,The properties and penetrating power of beta particles.
15d79943-65bf-45e1-876d-444f60eadc0d,Physics,Sound,Sound Sources,
16c72acd-0142-4fd4-9632-e9d24704033b,Physics,Types of Nuclear Reactions,Fusion,The products of nuclear fusion.
16eca0bc-ae07-4365-9232-651b3c143d74,Chemistry,Chemical formulas,Mass Percent of an Element in a Compound,Calculating Mass Percent and Fractional Mass
172fe6b1-6c4f-4fd2-8b77-552c2ea85e72,Physics,Light,Solar Eclipses,Causes of solar eclipses.
17330e21-3ab5-41ca-86f4-b513e3ecba23,Biology,Food Chains & Webs,Food chains and webs for organisms in terrestrial and aquatic ecosystems.,
175b8bb1-5b04-47d6-bbac-0156e60ca740,Physics,Radioactivity,Alpha Radiation,The properties and penetrating power of alpha particles.
18a8ea40-7e8b-4a90-a57e-2a982775c482,Biology,Evolution,Human Evolution,Hominids
1a159f37-d3fb-4731-9806-13fc043c2fc3,Biology,Evolution,Environmental Science,The importance of evolutionary science for environmental science and biodiversity conservation.
1a61a50a-ea47-45e5-9471-b330e1ab7a43,Biology,Evidence of Evolution,Origin of Life,Abiogenesis
1a755fd8-fa4d-4758-82f3-d81e7ff08396,Biology,Plant Structure,Stems,
1b054180-4e50-4df4-81c5-e91e7cb68162,Physics,Light,Reflection of Light - Total Internal Reflection,The phenomenon of total internal reflection.
1b7ba5c3-9e3e-46d0-a821-22464407c4dc,Chemistry,Material structure,"Protons, Neutrons, and Electrons ","The number of protons, neutrons, and electrons in an atom"
1c1424d7-2b40-4698-a228-54af2fbae62e,Biology,Food Chains & Webs,"Trophic Levels (feeding levels) ",
1c6c8eca-a157-42d7-84de-4d61e7991f1b,Biology,Evolution,Human Evolution,The connection between human evolution and primates.
1c80649f-68e4-402a-9e82-4de79ebf5418,Chemistry,Chemical Reactions,Oxidation-Reduction Reactions,"Relating to Oxygen Gain/Loss and Electron Transfer (eg, Burning, Rusting)"
1d2b898b-af1d-4723-86e0-a8a1e54d6d21,Biology,Science of Ecology,Structural levels,structural levels of ecology: individual
1d8553cf-ccac-4a0a-a4a6-b7b1e068f387,Biology,Plant Structure,Fruits,
1dce5cfe-e76c-467a-bb86-8bc1952168a0,Physics,The universe and its evolution,Stellar Evolution,Black Holes
1e8abfb6-4ee0-43d7-a2bb-94bb83df895b,Physics,Radioactivity,Alpha Radiation,
1e98403e-5182-40ae-ba0f-064675a0ced9,Biology,Cell Structure and Function,Bacterial Cells vs. Plant and Animal Cells,Similarities 
1f2f47b6-5d58-4c8d-b944-2cc0c74c6222,Biology,Invertebrates,Investigate and describe the external anatomical features of animal groups,
201add5d-f938-4d47-9098-40ee46b6658f,Biology,Science of Ecology,Structural Levels,structural levels of ecology: community
2024f08a-d414-4777-835f-5fa37fb4c711,Physics,Light,Shadows,
203885a2-3511-472a-9790-d2a5465ce219,Biology,Mitosis and Meiosis,Importance of Meiosis,
206560f4-8033-4600-9f0d-6a83cb31a2a7,Chemistry,Chemical formulas,Classification of Substances,Single Elements vs Composite Substances
22952a94-2cad-4b11-982b-8e65772ead80,Physics,Types of Nuclear Reactions,Fission,The dangers posed by the Astravets Nuclear Power Plant and other nuclear facilities.
22f1a5e4-c14e-48a9-bcb2-feddf801c504,Physics,Types of Nuclear Reactions,Fission,
24a12ca6-2fd4-4afe-bbf6-da7c49e0375a,Chemistry,Material structure,The composition of the nucleus,
253eb5b9-34d9-4573-adb1-9a45e51698bd,Biology,Plant Structure,epidermis tissue,the functions
256138fe-49fc-4424-a62a-1e56c62f66d9,Biology,"Ecosystem ",Community Change,Seasonal Changes
263cebed-14aa-4699-a2c5-2628c940da66,Chemistry,Periodic law,Metal and Nonmetal Ionization,Ion Formation
264b2326-4cb0-4715-892b-382d894ab91a,Physics,Radioactivity,Applications of Radioactive Isotopes,
2740520b-9631-4075-a5f0-bc73e44465f1,Biology,Vertebrates,The circulatory systems,
27b4addd-4d3b-4bf8-8891-6070c6bd41e0,Biology,Evidence of Evolution,Molecular Biology,
285de92c-aeba-47b4-b4a4-9db2761ce041,Physics,The universe and its evolution,Structure of the Universe - Dark Matter and Dark Energy,
28855f43-d0a3-40e4-8412-97d80645f512,Biology,Heredity and genetic variation,Chromosomes and genes,Hereditary information is stored in chromosomes.
290e35f3-8f6d-4d46-8fdf-aa6678a1efdb,Chemistry,Material structure,The number of electrons in an atom,
2ae91b06-4b25-43ea-b0c6-61bc617d3c19,Biology,"Ecosystem ",Interspecies relationship types,plants and pollinators
2b8d8b45-a5a4-4428-80bb-b6b6534f1e81,Physics,Sound,Sound Characteristics,
2ba83fc9-13c7-4dd5-b295-3a96a9243052,Biology,Ecosystem stability,Impact of Genetically Modified Organisms (GMOs),
2c8d54f2-632f-4d49-987d-88faa627bd6f,Physics,Sound,Sound Propagation - Medium,List different mediums through which sound can travel.
2d3d8793-a8fd-4241-a499-18fe321b84f8,Biology,Energy Pyramid,Energy Transfer,
2f73b2a1-0798-4ef6-b633-6fa8caaed00a,Chemistry,Chemical Bonding ,Molecular Structure Modeling,Techniques for Modeling Molecules
30a0308d-c445-4a1d-8349-5b8d869fddd8,Biology,Invertebrates,"Identify representatives of invertebrate phyla living in Lithuania: cnidarians, flatworms, roundworms, segmented worms, mollusks, arthropods",
30b21196-7ade-47be-a211-305bc7486094,Chemistry,Material structure,Chemical Elements,Periodic Table
30d53eb1-ec03-47ff-a327-e6fdb90309e4,Physics,The universe and its evolution,"Structure of the Universe ",
310cc4a3-2426-4a67-a57f-0c49567e5c3a,Physics,Light,Transparent and Opaque Materials,Transparency Properties
31619c3e-58df-4a28-8258-0207da01df07,Biology,Science of Ecology,Structural Levels,structural levels of ecology: biosphere
3223cf0e-4c65-424c-91be-c22e2455c831,Chemistry,Chemical Bonding ,Covalent Bonding,Definition
322ccee6-e24d-4b70-854b-08e0f4c10eb5,Physics,Optical Instruments,Lens Characteristics,Magnification
3236a127-6b32-44aa-8d62-53a6cb7f95c4,Chemistry,Periodic law,Metal and Nonmetal Ionization,The process of metal and nonmetal atoms transforming into ions
32679395-f355-497e-8b61-e79b754136f8,Chemistry,Material structure,Ions,
33976703-2fba-4868-a605-398a8cb973c2,Physics,Light,"Reflection of Light - Angle of Incidence, Refraction, and Reflection",
35946042-1cf5-44a8-905f-7319428f16d3,Physics,Sound,Sound Propagation - Medium,
370b1f67-8fcb-4168-8625-350410441c26,Biology,Evolution,Medical Advancement,
3713c8e4-7bd3-4991-9557-ad75d4115866,Biology,Invertebrates,Features that allow the animals to adapt to life in different environments,
37cb0ae4-f433-4bc3-bbee-f0847eada8cd,Physics,Material structure,Negative Ions,The mechanism of positive ion formation.
3845a82b-29fe-474c-a92d-f4777192cf17,Physics,The universe and its evolution,Big Bang Theory,Evidence
3877d385-f13f-4e4d-9635-47e46c1bc57d,Physics,Optical Instruments,Binoculars,Types
38f113df-bd8c-459f-91ae-80b1cf7a45e7,Biology,Evidence of Evolution,Molecular Biology - Genealogical Relationships,
39a849fe-b3c1-42d8-a636-512deac3e514,Physics,The universe and its evolution,Structure of the Universe - Galaxies,"Different types of galaxies (spiral, elliptical, irregular)."
3a2c7622-0b61-44e5-97b5-71aa870f66c9,Biology,Vertebrates,Classes,
3b1a5f81-db12-4d93-adaa-8486b92e3351,Chemistry,Chemical Reactions,Law of Mass Conservation,Verifying Balanced Chemical Reaction Equations
3b7cc719-203b-4ff0-8c65-f7621059377b,Biology,Energy Pyramid,Energy Transfer,Reason why only a portion of energy is transferred from one trophic level to the next.
3cbaea8f-4753-48ea-84a7-03fd45ea77c5,Biology,Ecosystem,Ecosystem Components,
3cea62d0-a988-4173-962b-d96b9d1f0bc1,Physics,Types of Nuclear Reactions,Fission,Identify the applications of nuclear fission.
3dc177e6-7e7f-481d-a63b-e8404f7f6816,Chemistry,Periodic law,Nonmetals,Chemical properties
3e1bc914-695e-4730-8876-5851e1531ada,Physics,Sound,Types of Sound- Audible Sound,
3e9525d2-3ee5-412a-ad6d-d7396b0abd63,Physics,Radioactivity,"Applications in Medicine of Radioactive Isotopes ",
3fc6b43b-8f65-4af9-a2c5-ae8998ed0b54,Physics,Optical Instruments,Vision Correction,
40f26abf-f556-49e0-b1e9-e7b7602363d4,Physics,Material structure,Nucleus - protons,
4120110d-5edf-49ce-b0f3-3c6228258e8f,Chemistry,Chemical Reactions,Chemical Reaction Equations,"Understanding Components (Reactants, Products, Coefficients, Symbols)"
43538ecc-80bc-4319-9687-5b36720b5b86,Biology,Evolution,Human Evolution,Primates
43638d87-a0d8-4a7d-a315-2907bc03af92,Biology,Cell Structure and Function,Plant and Animal Cell,Central vacuole: Storage of cell sap (plants only)
4390f19e-d649-490a-a853-465c094f3757,Biology,Evolution,Concept of Evolution,"List and explain evidence of evolution (fossils, embryonic similarities, homologous organs, vestigial organs, DNA sequences)."
44082dde-fa1a-4c16-83ea-53f9211cda91,Biology,Diversity of life,Purpose of Classification,Discuss the benefits of classification for science and society.
4468fa6f-49ef-4afd-a0ee-d33b14850420,Physics,The universe and its evolution,Expansion Law,
44b1c773-754d-4165-b1fb-fef352f65dc2,Physics,Radioactivity,Decay Rules,
44e85431-f3a2-4278-877f-436fee1d1de0,Physics,The universe and its evolution,Possibility of Life Elsewhere,Exoplanet Detection
4537f753-b162-4261-b799-6a02084e46b6,Biology,Cell Structure and Function,Plant vs Animal Cell,Relationship to Cell Functions
46cedc88-ba62-454a-b14a-a82cdc65b16c,Biology,Ecosystem populations,Environmental Impact,
472f4af3-efaa-456a-a591-a7022648d547,Physics,Light,Dispersion of Light - Rainbow,
4794f312-cbd3-4c94-83b6-dcc3aaf5d1bf,Chemistry,Chemical Bonding ,Chemical Safety,Critical Evaluation of Chemical Hazards
4803af7c-bf22-4f0d-97c3-1efa7266758b,Biology,Plant Structure,Flowers,
4868b62e-629e-4534-bd67-eaae51b0f349,Biology,Transport in Plants,vegetative organs: leaves,
48c348d5-6b94-4278-8cc6-383ec1224146,Physics,Radioactivity,Radiation Pollution - Effects on Living Organisms,
494f32d0-99d9-4e0f-8a24-c1c3ef0aee98,Chemistry,Chemical formulas,Formula Conversions,"Converting Between Formula Types (eg, Lewis to Structural)"
49561080-e07e-47b1-99a0-7a31b2ea5271,Physics,Light,Reflection of Light- Laws of Reflection,
49e621eb-4789-4028-8da7-6a15a2b5f036,Biology,Mitosis and Meiosis,Mitosis,
4a066937-27c2-4ff4-a99f-04a01328829e,Physics,Material structure,Why Electrons Don't Fall into the Nucleus,The interplay between electromagnetic force and gravity.
4a1003ae-0db6-4d38-88eb-624c53b7c2fd,Biology,Vertebrates,Development of these animal groups.,
4a4b8711-69fe-42b0-be5f-7def11aaab71,Chemistry,Chemical Reaction Energy Transformations,Energy Changes in Reactions,Relating Energy Change to Reaction Type (Exothermic or Endothermic)
4a5a573f-c6e8-483d-a2b0-5d8a16e4f3f2,Physics,Sound,Sound Reflection- Echo,
4aa9515b-1326-42b7-bcc7-fcff72ae02c7,Physics,Radioactivity,Gamma Radiation,
4af5ba42-7ced-42c5-95a9-0eb081e406ef,Chemistry,Chemical formulas,Chemical Formulas of Simple Substances,"Writing Formulas for Simple Substances (H2O, CO2, O2, HCl)"
4af68c9e-d146-43ba-9660-a6dc0c820eb1,Biology,Diversity of life,"Explain the significance of each (domain, kingdom, phylum or division, class, order, family, genus, species) rank and its relationship to other ranks",
4b5a4fc8-7230-468a-879d-cffd41173150,Physics,Light,Illuminance,Measurement
4b7b5438-6d1d-46e8-83f9-6a06b9a3c6e7,Physics,Sound,What is Sound,Define sound as a mechanical wave travelling through a medium.
4c0d3210-f8bf-41c1-82ed-a0cd00586ab6,Biology,Transport in Plants,vegetative organs: stems,
4d7cf57f-1f92-4d3c-9688-e93f37551fb0,Physics,Types of Nuclear Reactions,Fission,"Examples of nuclear power plant accidents (Chernobyl, Fukushima)."
4d7e94a6-4ffd-45b0-883e-bbcb2fd9c5a9,Biology,Diversity of life,Domains,"Define domain as the highest taxonomic unit. * Identify and describe the three domains of life: Bacteria, Archaea, and Eukarya."
4e38cc55-6240-4935-8fff-9e0cc7381761,Biology,"Ecosystem ",Interspecies relationship types,parasite and host
4e7fe43a-3315-44f9-be92-be23938dc0e0,Biology,Evolution,Darwin's Theory,Natural Selection
4f25e12e-9d85-4eab-bc7e-2f532e693e11,Biology,Plant Structure,tissue tissue,
4f445001-dadf-4735-874c-45ad22505293,Physics,Optical Instruments,Telescopes and Binoculars,The working principles of telescopes and binoculars.
4f9a2d0e-cec4-433c-8d76-500c82c8a79b,Chemistry,Chemical Bonding ,Covalent Bonding,Formation Process
5108067f-8c2d-4896-8fce-43dd5da49eb0,Physics,Sound,Sound Measurement,
510ff2a0-0472-4ce5-91e9-8178ef4c73cc,Physics,Radioactivity,Beta Decay,
516b7f61-9f59-4ae2-9ea1-e0601a881679,Biology,Plant Reproduction,Pollination and Seed Dispersal,The importance of pollination and seed dispersal for plants
51c0595f-0858-4c73-ab6b-1bf7266d162a,Physics,Sound,Sound Characteristics- Amplitude,
51dfbca6-32cb-47ae-8608-9531f58a7dd4,Chemistry,Chemical Bonding ,Ionic Bonding,Properties of Ionic Bonds
52b40edd-21e6-4892-be47-8763d8072903,Physics,Light,Reflection of Light,
532acaf1-e5b4-47c5-b73a-baa879ee8f33,Chemistry,Chemical Reactions,Law of Mass Conservation,Balancing Chemical Reaction Equations
533c1056-18d8-4ae7-8770-b99008c7f2ef,Biology,Evolution,Concept of Evolution,Definition
535e1d99-7b63-4b16-83a5-3f47a3e21807,Biology,Ecosystem,Ecosystem Relationships,Describe the material exchange in ecosystem.
536cd594-3036-4c95-9e61-f592be312283,Biology,Heredity and genetic variation,Chromosomes and genes,
5423a9d2-aa1c-46c6-bbb5-f26f3bef6c55,Physics,Light,Dispersion of Light - Color Distribution in Spectrum,
54351ec3-2eed-43b9-a317-1a959c1bcea7,Physics,Optical Instruments,Lens Characteristics,Focal Length
545e26e3-8412-4edf-8137-754f3357ff26,Biology,Evidence of Evolution,Paleontological Data,Fossil Record
554dba19-6741-4a5e-a031-8c39eb9f303e,Biology,Plant Structure,Leaves,the functions
5564c1c4-f2d0-46f7-bb36-f707e2b238a6,Chemistry,Chemical Reactions,Chemical Reaction Equations,"Identifying and Describing Reaction Signs (Color/Odor Change, Gas Evolution, Precipitate Formation, Sound, Heat/Light)"
55a979e2-f6c1-45a5-8489-6f7add64f96c,Physics,Light,Reflection of Light - Optical Fibers," Optical fibers and their applications."
56abc026-e46a-4bc5-8a6c-f443117be697,Biology,Cell Structure and Function,Plant and Animal Cell,Cytoplasm: Cellular filling
56de9928-2252-4886-b1a1-b45be1371c54,Physics,Material structure,Ions,
5789459a-4693-4e81-b573-5ee87c407557,Chemistry,Chemical formulas,Chemical Element Symbols and Subscripts,Determining Elemental Composition in a Formula
57fd80c0-e4e5-49c5-9279-186a93e650c4,Physics,Radioactivity,"Applications in Agriculture of Radioactive Isotopes ",
58385b5d-d834-45ad-870d-96280adfcb99,Physics,Sound,Types of Sound-Ultrasound,
5852b5c6-57d3-426e-9e64-d1623fa41d72,Chemistry,Chemical Reaction Energy Transformations,Exothermic and Endothermic Reactions,"Practical Exploration (e.g., Temperature Changes During Dissolving)"
59385221-247d-4284-b6a3-0c174e373177,Chemistry,Chemical Bonding ,Electronegativity,Definition
593fc302-124b-441c-bb47-d8d44981fc14,Physics,Types of Nuclear Reactions,Fusion,The source of the Sun's energy.
5ae449e2-0363-4eab-a4bd-e2f485189c06,Biology,Viruses,Virus Role,Use models to teach students about virus structure.
5b2a83ef-34c8-4850-88ea-ca5c7a70f9b3,Biology,Ecosystem populations,Environmental Impact," How the environment regulates population growth."
5b5d64b3-c0e3-4211-9a1a-c04c4a1eb7e8,Biology,Evolution,Darwin's Theory,Explain variation
5bd17912-879a-49df-9155-4c782672b7f3,Physics,Types of Nuclear Reactions,Fission,The release of energy during nuclear fission.
5c073658-174f-4f8a-b064-909b23bb6601,Physics,Sound,Types of Sound- Infrasound,
5c437719-17f0-411a-b997-28a81401afff,Chemistry,Chemical formulas,Chemical Element Symbols and Subscripts,Writing and Interpreting Subscripts in Formulas
5c6f6627-1816-4917-b94f-047819b02e70,Physics,Material structure,Atom structure,
5cf6343a-ef7a-4577-b657-40a44122b1b4,Physics,Optical Instruments,Lenss types,Converging examples
5d29ab34-2205-4853-bab7-91e08679cf1e,Physics,Sound,Sound Applications- Echolocation,The principle of echolocation and examples of animals that use it.
5da06c85-8101-414f-a98e-4b6f69866061,Chemistry,Chemical formulas,Types of Chemical Formulas,Lewis (Dot) Structures
5db8ce97-2759-4566-b623-925739dd330f,Physics,The universe and its evolution,Star Birth,
5e6a99b0-04b8-4a5c-9734-1c4487cf0382,Physics,Optical Instruments,Telescopes,Structure
5e6cd40e-eed6-4433-8738-19c6a5802372,Chemistry,Periodic law,Element Abundance,The trends in element abundance in the Universe
5e71c711-2b07-4b0b-8567-cdb9d0454c84,Physics,Material structure,Dalton's atomic Model,
5ea53a3c-5b17-4cca-a9cb-58f846ada0d9,Biology,Evolution,Darwin's Theory,Explain overproduction
5f77918b-235b-48d7-b26f-cf320975200a,Chemistry,Chemical formulas,Empirical Formulas,Calculating Empirical Formulas from Data
5f8f3b66-c7c1-459f-8608-30a6d9e9fd46,Physics,Optical Instruments,Telescope Development History,
5fe0e2b7-f779-4d07-ac68-3e7b4d8b9afc,Physics,Radioactivity,History of Radioactivity Discovery - A. Becquerel's Work,
601eb621-0eb4-4233-b521-06434eda7c61,Physics,Optical Instruments,Lenss types,Diverging examples
607813c7-dbfd-4bc9-b063-4ecb7d2f5cb2,Chemistry,Material structure,Electron Distribution in Shells,
6082aab3-8f45-4579-be15-587119d3bcd9,Physics,The universe and its evolution,Structure of the Universe - Nebulae,
6089eaa9-8666-4014-a6bb-d6c797f6038b,Physics,Types of Nuclear Reactions,Fusion,The contributions of Lithuanian scientists to the field of nuclear research.
60d5889c-0b19-419b-a469-f2558ac677a6,Biology,Food Chains & Webs,Biodiversity & Stability,
6145ba70-e58c-401e-8819-39f600e8597c,Chemistry,Chemical Reactions,Oxidation-Reduction Reactions,Balancing Redox Reactions using Electron Balance Method
61dae81a-869a-4723-b13c-d42a3f751de7,Physics,Light,Illuminance,Definition
62a02587-6661-42e5-be62-58439c37e76f,Biology,Plant Structure,Identify plant organs,
62a28621-6541-46ab-b8ca-2aaba5c1b45c,Biology,Biotechnology,Classical Biotechnology,
62d46670-8cc3-4551-ade2-01b4de7cbf4b,Physics,Sound,Sound Applications- Echography,
62e09693-fe09-4918-b501-20b4dc4258f1,Biology,Ecosystem populations,Growth,
63c29e93-417c-4eaa-ac75-d2f94283225f,Biology,"Ecosystem ",Human Population Impact,Negative Impacts on the environment.
64c788f2-f41a-4811-8497-c960242aca85,Biology,Mitosis and Meiosis,Meiosis,
65b2cf4e-d766-406e-a593-bfce19250fa5,Chemistry,Chemical Bonding ,Covalent Bonding,Nonpolar vs Polar Covalent Bonds
65c24887-651c-4d26-b326-1410ce4179d2,Physics,Types of Nuclear Reactions,Fission,Evaluate the problem of nuclear waste.
6611bd32-208a-444f-8381-7d1ae3fcb2b3,Physics,Light,Illuminance,Measurement Units
6857f0bf-7ecc-4cc5-baf5-a2b76c59c42a,Biology,Science of Ecology,Structural levels,
68c6e2be-2d2a-46f2-86ac-d04164646741,Biology,Science of Ecology,Structural levels,structural levels of ecology: population
68ced052-4052-424a-9e6a-a70aa853b747,Chemistry,Periodic law,Element Abundance,The trends in element abundance in the Earth
6a6dbab3-393a-48e6-8c20-016fc88f9761,Chemistry,Material structure,"The number of protons, neutrons, and electrons in an ion",
6ac2262b-50a6-4f58-864d-072d7d003479,Physics,Sound,Sound Propagation - Speed,
6ae052e5-9a1a-4082-9fa6-322ed2b997e5,Physics,Light,Dispersion of Light - Rainbow,
6ae88919-d44b-4eb7-81bb-e541f05b4a26,Physics,Material structure,Electron Charge,
6b381ba4-c1ee-4f88-a594-b41b65f6efbf,Biology,Heredity and genetic variation,Chromosomes and genes,Chromosomes are made up of DNA.
6b3d30f4-0346-4303-9ce7-7523ef2fee24,Biology,Transport in Plants,"vegetative organs: roots stems, leaves",
6b9a854a-2b74-4dd0-89c0-18ccdd29b900,Physics,Light,Reflection of Light- Angle of Incidence and Reflection,
6c037e32-edf0-4fef-abce-f70e7ec9844c,Biology,Plant Reproduction,"Plant cloning (micropropagation, tissue culture propagation) as one of the methods of asexual reproduction",
6c5c4b3d-4514-4c26-8503-ae81665adf99,Biology,Cell Structure and Function,Bacterial Cells vs. Plant and Animal Cells,Differences
6ca8ca54-6604-4ec9-9fe6-dedd71299001,Physics,Optical Instruments,Astronomy - Methods,The methods for astronomical observation using observatories and satellites.
6cded4e0-6101-463d-9fe9-9e618dd420dd,Chemistry,Periodic law,Valence Shell,Why elements in a group have similar properties based on the number of valence electrons
6d8a3e07-1174-4b65-9417-d26923ffb071,Biology,Ecosystem stability,Impact of Invasive Species,
6e5916ef-5992-4925-90c2-013b38532ea0,Physics,Light,Transparent and Opaque Materials,The differences between transparent and opaque materials.
6f6dc9c9-074b-4215-bdcd-96ca539893a8,Biology,Heredity and genetic variation,Genetically modified organisms,* Transferring genes from one organism to another. * Creation of genetically modified organisms. * Benefits and potential risks of genetically modified organisms.
6f719ec8-9a45-403f-816d-923ee4133879,Physics,Radioactivity,Gamma Radiation,The properties and penetrating power of gamma rays.
6f76a823-223b-4f86-9ebd-a991e53f9c6d,Biology,Evolution,Darwin's Theory - Adaptation,
714adde4-35f9-472a-8cc4-bee680a21f5a,Physics,Optical Instruments,The Eye,Image Formation
7239ff8f-35ca-4d2d-a6d9-f6ef74de6b9e,Biology,Eukaryotic Diversity,Kingdoms of the Eukaryotic Domain,Describe the role of bacteria in nature
73c38821-033a-458e-a63e-9277ecc045a7,Chemistry,Material structure,The behavior of the electrons in an atom,
73e8c3fe-f797-41b8-8331-0f676978dd1a,Physics,Material structure,Rutherford's Experiment,
7414206b-d55b-4c20-9947-af68980dd45a,Biology,Evolution,Darwin's Theory,
74ba75df-535c-45b0-9378-0fb988dc1fea,Physics,Material structure,Why Electrons Don't Fall into the Nucleus,
74cb0b59-435f-48c8-9a73-a2290a75a0d1,Physics,Material structure,Proton Charge,The properties of the proton's charge.
7551dcb4-6155-4e16-a3cc-0a886dc3865b,Biology,Biotechnology,Classical Biotechnology,Explain how bacteria and unicellular fungi (yeast) are used in classical biotechnology.
7568ca18-69d4-40ce-abcd-57eb4cfbf914,Chemistry,Periodic law,Essence of the Periodic Law,
75d5f840-5514-4f8b-b0a5-0e23823095b6,Chemistry,Chemical formulas,Classification of Substances,Recognizing Single and Composite Substances
76b79eb8-286e-4768-b308-93e490f21a06,Biology,Plant Structure,Roots,
76d1c7e9-3850-46af-ae89-d00f7d8dba1f,Physics,Material structure,Ionization,
77a62f0b-5ad0-455b-89dc-f92ad5adbe0f,Biology,Evolution,Fossils - Evolutionary History,The stages of life's evolution on Earth based on fossil evidence.
77ec9245-f912-407f-8b68-131f8d51e569,Biology,Ecosystem populations,Size and Density,
78c66ec2-25dd-47a1-8d84-9f85eae87ab7,Biology,Viruses,Virus Structure,Discuss the components of a virus and their functions.
78ede6ef-d6d3-46a5-9b6c-dcac3078f02e,Physics,Material structure,Atomic Model Development,
7970074c-4f66-45ae-a497-0fdcb9471f2c,Biology,Evolution,Fossils,
799f6322-ee8d-4a32-949c-a95c18ee8d3e,Physics,Radioactivity,Radiation Pollution,
7a9b8e68-6985-4eb4-9ca3-1105e3d1b66f,Chemistry,Material structure,Atomic Model," Model Development"
7ab2c7b2-fa00-41f0-aeb6-64b4de4d18b3,Physics,Light,Reflection of Light - Total Internal Reflection,
7b94ee58-f28e-4349-843c-df56f44b5682,Physics,Radioactivity,Alpha Decay,
7d39403f-49a1-430e-8daa-12fce8521481,Physics,Light,Reflection of Light - Refractive Index,The absolute refractive index of a material.
7e0e1ee5-db04-44f8-8d44-25e530e0c7a4,Physics,Sound,Sound Propagation - Speed,Discuss how the speed of sound depends on the medium.
7e713c26-44df-411e-a80f-fae93f98e6fd,Chemistry,Chemical Reactions,Chemical Reactions in Essence,Bond Breaking and Formation During Reactions
7e8cca4b-70cb-4c6d-b1ff-6a27cd158ab2,Chemistry,Chemical Reactions,Reaction Rate,"Exploring Fast and Slow Reactions (eg, Burning, Rusting)"
7f64f9ab-ffda-47c9-943c-1c3d5e57a16e,Chemistry,Periodic law,Electron Loss and Gain,Losing or gaining electrons is the key factor in ion formation
7fb900e9-f60e-45e4-af1e-7f83877b4e73,Physics,Material structure,Rutherford's atomic Model,
7fd2ac73-2205-49fe-a8b4-2e41ee0910ad,Chemistry,Material structure,The number of protons in an ion,
80878548-39bf-4afc-9d19-b5077f563a47,Physics,The universe and its evolution,Possibility of Life Elsewhere,Habitable Planets
81edadd1-c046-4797-8839-48dc7baad1fe,Chemistry,Material structure,The electron configurations of the first 20 elements,
82b8cb8e-b92a-4c2e-ae49-a782f050630e,Physics,Light,Solar and Lunar Eclipses,
8403b1eb-af9a-4d72-a4b0-c2826568e98c,Physics,Optical Instruments,Lens Characteristics,Magnification
84119e6e-b2ac-4d14-8e64-3599c4a54b74,Biology,Eukaryotic Diversity,Kingdoms of the Eukaryotic Domain,"Explain the role of protists and fungi in nature.
"
85467d87-5c16-4366-9494-ab8de622b9de,Physics,Radioactivity,Types of Radioactivity,
857e09b7-c315-4bc5-8055-b930a1df8009,Biology,Plant Reproduction,Asexual (vegetative) reproduction in plants,
85f6b8f8-a064-4162-b9ab-154c347eb44f,Biology,Plant Structure,Seeds,
866e0925-3c48-4e9d-9e8f-984d81d974e9,Chemistry,Chemical Bonding ,Comparison of Ionic and Covalent Compounds,Solubility in Water (20°C)
871a2ec0-0658-4926-9266-766e0b1a3238,Physics,Sound,Doppler Effect,
87484eed-f6d4-4f8f-b3d0-e3961f0ef5c7,Biology,Invertebrates,Indicate the role of invertebrates in nature,
87f72282-4697-43eb-be02-042d23037af3,Physics,Optical Instruments,Lenses,
88410aa0-6884-4b93-b87e-376ddf5f7ee8,Chemistry,Periodic law,Periods and Groups,The organization of the periodic table
8851e02a-9328-40c5-b808-fbb0ff1a9c91,Physics,The universe and its evolution,Big Bang Theory,
89b7c335-f9e6-4083-b95a-34933e38068a,Biology,Ecosystem stability,Biodiversity Conservation Importance,The purpose of the Lithuanian Red Data Book.
8a49f267-2924-4e38-b55c-68baaa4c506f,Biology,Plant Structure,Stems,the functions
8a92707b-2fc3-4520-a8da-b130ae2cfeba,Physics,Sound,Sound Reflection,"Examples of how sound reflection is used (e.g., sonars)."
8abdb887-10e2-4b96-bcc4-3b6dd8fb1327,Physics,Material structure,Thomson's atomic Model,
8afb4d84-41a5-4db4-a679-212b46739cd9,Physics,The universe and its evolution,Stellar Evolution,Star Birth
8b71766f-e57b-409e-a2ca-03f775a85f29,Biology,Evidence of Evolution,Embryology - Embryonic Similarities,
8b813d31-d78f-41b5-8971-00b8b9731a13,Physics,Sound,Importance of Two Ears,Explain how two ears help us perceive the direction of a sound source.
8c278a6b-1c96-444d-9bc0-65de97215a62,Physics,Light,Lunar Eclipses,Causes of lunar eclipses.
8c66f854-eddb-4313-8d39-0aa17b0648c7,Biology,Eukaryotic Diversity,Kingdoms of the Eukaryotic Domain,"Identify representatives of the fungal, protist, plant, and animal kingdoms within the Eukaryotic domain based on their characteristic features."
8e672800-5015-402a-8376-b859123d07d4,Biology,Cell Structure and Function,Plant and Animal Cell,Mitochondria: Cellular respiration
8e8a9b92-e0e7-447f-bedd-b70095e3dd9e,Chemistry,Chemical Reaction Energy Transformations,Energy Changes in Reactions,Energy Released During Bond Formation
8f4cc205-2e12-4a6a-8b4a-48cf0c7ce31d,Physics,Light,Reflection of Light- Mirror Surfaces,
8f71c933-96e5-439f-a73f-56b828988a5b,Physics,The universe and its evolution,Stellar Evolution,Stellar Death
900db304-6696-40bc-b22c-abac27e9c80e,Biology,Diversity of life,Organism Identification,How to use taxonomic ranks to identify organisms.
90b866b8-2989-4300-8965-c8a24ca45837,Biology,Diversity of life,Purpose of Classification,Reason why organisms are classified.
9285e473-84a8-4a76-bbbe-ed3edd2eb7d6,Physics,Types of Nuclear Reactions,Fusion,The release of energy during nuclear fusion.
92cb8be8-02dd-4ab8-8f28-16847aaebf02,Chemistry,Chemical Bonding ,Comparison of Ionic and Covalent Compounds,Explaining Differences and Similarities
92d7eaba-e7e7-42ce-a40e-457c14aa2f12,Physics,Sound,Types of Sound,
92dd38cc-753c-4efc-bfe7-894056d8e835,Physics,Light,Shadows,How shadows are formed.
939d97eb-e19a-4b9d-b7fc-060fc72a2036,Physics,The universe and its evolution,Redshift,
9404bbdb-71fb-4ba2-bdb9-233802281128,Chemistry,Chemical Bonding ,Ionic Bonding,Formation Process
9412c428-c5e8-40e9-84dc-bca0cc503056,Physics,Radioactivity,History of Radioactivity Discovery,
94bf272c-4251-4b6a-8c5c-452b9acdce79,Physics,Material structure,Positive Ions,
958bccb6-2f23-41ab-9367-0db278200a27,Chemistry,Chemical Bonding ,Comparison of Ionic and Covalent Compounds,Physical States (20°C)
95c074e8-48de-4fa7-bc7a-08b3999faefd,Physics,Material structure,Nucleus,
9667d05b-fb28-47b3-864e-62241069979a,Physics,Sound,Sound Propagation - Vacuum,
971ea98e-d91d-4961-96db-daf7d7b719dc,Chemistry,Material structure,Relative Atomic Mass - Calculation,
97499e62-fc9c-40e3-816f-4a3588ede7ac,Chemistry,Chemical Reaction Energy Transformations,Energy Changes in Reactions,Energy Required to Break Bonds (Overcoming Attraction)
974c43a1-cdf4-45d2-829f-a0c41ecd27b9,Biology,"Ecosystem ",Community Change,How human activity can cause community changes.
99e030bd-ea2d-486d-ad8f-e8ddf362f47b,Physics,Sound,Sound Reflection,
9b435d10-6795-4d96-b8e7-9b08ef63b66a,Biology,Transport in Plants,"Transport processes in plants: diffusion, osmosis, photosynthesis",
9b84bb20-b25c-47fe-a1bc-6fa8bb5e6495,Physics,Optical Instruments,"The instruments that utilize lenses (magnifying glass, eyeglasses, binoculars, camera, microscope, projector, telescope).",
9c83f48f-d271-431b-b6ed-7e5e396c21e4,Biology,Cell Structure and Function,Plant vs Animal Cell,"Differences: Cell wall (plants only), chloroplasts (plants only), central vacuole (plants only)"
9cd0f0bf-c359-4905-aaec-ef2de217cb39,Physics,Sound,Importance of Two Ears,
9d0683fc-9e2a-4e57-9891-380a765c9c24,Physics,Sound,Importance of Two Ears,How two ears improve hearing acuity.
9d6cd245-434a-4edc-b0ac-cb73b365e681,Physics,Optical Instruments,Lenss types,Differentiate between converging and diverging lenses
9de10783-b6c2-48f8-9190-2ddc053e608b,Biology,Biotechnology,Classical Biotechnology,"Discuss the production of fermented products (bread, cheese, vinegar, yogurt, kefir) using microorganisms."
9e1b783c-705f-44a6-ac81-f64cfd3ef317,Physics,Material structure,Electrons,
9f77e6e1-c3b1-4e37-9ba7-7e234ed6b116,Physics,Material structure,Nucleus - neutrons,
a053e10d-0754-4607-a5b0-2511d07cca5c,Physics,Light,Illuminance,
a1550b57-9f05-47b8-aa58-6348e8e24e64,Biology,Cell Structure and Function,Plant and Animal Cell,Chloroplasts: Photosynthesis
a17ac4bf-4e0b-4d3c-bd7b-f23fe49cad13,Physics,Sound,Sound Measurement- Hertz,
a1e89063-3c89-427a-a1da-29002333d1de,Physics,Optical Instruments,Vision Correction - Farsightedness (Hyperopia),The cause of farsightedness
a22af8fe-b22e-47c5-b686-0cf72b89952e,Physics,Sound,Sound Characteristics- Frequency,Frequency relation to sound pitch.
a416e973-c743-4887-86db-af41734593db,Chemistry,Chemical formulas,Relative Molecular Masses,Calculating Relative Molecular Masses
a5a4c407-1ea5-4fd2-a9ef-f0152ee67353,Chemistry,Chemical formulas,Empirical Formulas,Definition and Significance of Empirical Formulas
a5e6e97d-9f3d-4d5e-acc7-18d6803d4719,Biology,Ecosystem,Ecosystem Relationships,
a634c053-9ad8-40f1-83c3-dbf928731cc3,Biology,Diversity of life,"The taxonomic ranks used for plants and animals: domain, kingdom, phylum or division, class, order, family, genus, species",
a6a16001-c130-4bf6-b848-0072a43d6030,Biology,Cell Structure and Function,Plant and Animal Cell,Nucleus: Storage of hereditary information
a6bab94b-7b28-4d79-93b2-fa057c01a135,Biology,Invertebrates,Types: groups features allow the animals to adapt to life in different environments,
a753220e-5cca-43c6-9f4c-46109d776f12,Physics,Material structure,Electrons,The movement of electrons around the nucleus.
a7a5c37e-0533-4dc9-b3c4-eb8a009d2563,Biology,"Ecosystem ",Community Change,Human Activity
a8bc9440-4d5c-439d-aeae-e173d75740a3,Chemistry,Chemical Bonding ,Chemical Safety,Safe Handling Practices
a8f97727-8278-4b4e-a510-a6bbd4baa34e,Chemistry,Material structure,The number of electrons in an ion,
a900a979-5a40-4ac5-82b7-4558e4628f71,Chemistry,Material structure,The number of protons in an atom,
a9b2daed-4507-4e9b-af4f-efe342c653a9,Biology,Cell Structure and Function,Bacterial Cell,Capsule and cell wall: Protective function
aa1f567a-baa6-4cac-be92-079366fa1161,Physics,Types of Nuclear Reactions,Fusion,CERN Programs
aa33a77e-4023-4e20-bf0a-62f6a45cbf34,Chemistry,Material structure,Electrons,
aa5f0543-2a4b-4242-bf15-130956d40c77,Physics,Radioactivity,Effects on Living Organisms,
ab192df4-f147-41c4-b870-cdb7ae1b5d51,Biology,Evolution,Darwin's Theory,Explain inheritance
ac017158-bbcb-425f-9c2b-1be35b7f751f,Chemistry,Chemical formulas,Types of Chemical Formulas,Structural Formulas
ad453047-4e79-44d5-9533-67f47fe511d5,Biology,Heredity and genetic variation,Chromosomes and genes,A gene is a region of a chromosome that contains information about an organism's traits.
ae1bce47-0ade-44e6-882d-bb8bbd51652f,Biology,Evidence of Evolution,Origin of Life,
af08ec45-bc63-4285-8511-e748a28ee67c,Chemistry,Periodic law,Periods and Groups,
af996863-fea3-4b3e-8f81-0999ce844141,Chemistry,Chemical Reactions,Stoichiometric Calculations,Calculating Mass Percent (w/w%) of a Component in a Mixture or Solution
b03d6468-2c0e-494a-aa2b-9bf9b7dc49c5,Biology,Evolution,Darwin's Theory,Adaptation examples
b0695e61-6e4a-4257-97dd-de6da2534929,Physics,Sound,Sound Characteristics- Intensity,
b098f438-7796-4388-81d4-ed7da7723078,Physics,Light,Dispersion of Light - Spectrum,The separation of white light into a spectrum.
b0d21b17-401e-419f-9a10-35f1d5807ec0,Biology,Invertebrates,the role of arthropods in nature,
b15f84ec-f6f5-464a-8689-2244ed7bba27,Chemistry,Chemical Reaction Energy Transformations,Exothermic and Endothermic Reactions,Classifying Reactions Based on Heat Change (Exothermic vs. Endothermic)
b1739b98-8cd9-42df-9c73-dd36618e54f0,Chemistry,Chemical Bonding ,Electronegativity,Using Electronegativity Difference for Bond Type
b1babffd-65c5-475d-a689-a96425ece0f0,Biology,Ecosystem,Ecosystem Relationships,Describe the interrelationships in ecosystem.
b262ccb6-527a-442a-9c49-c4b1cb461b84,Chemistry,Chemical Bonding ,Covalent Bonding,Examples of Covalent Compounds
b27154f7-930a-46fc-aad4-2bcf8d7ab808,Biology,Viruses,Virus Structure,
b2c26a16-9d87-49ef-8db6-9975bcd32200,Biology,Cell Structure and Function,Bacterial Cell,Plasma membrane: Transport of materials
b32d07fd-c330-4efb-aa00-27e167b0e78e,Physics,Sound,Sound Sources,Natural sound sources
b3a521f1-32c4-4d39-8850-6d6d3a76e848,Chemistry,Chemical Reactions,Reaction Rate,"Effect of Concentration, Temperature, Surface Area, and Catalyst"
b490aade-0d22-4e51-9844-776b6063726a,Biology,Plant Structure,Seeds,the functions
b4e31f90-eea4-4496-8025-c339ab2f132d,Biology,Evidence of Evolution,Comparative Anatomy - Analogy,
b6525ed6-4007-4d1f-8669-b969bd7ed76b,Physics,Sound,Sound Applications- Echolocation,
b6955708-61d7-4d5b-83fe-0694f97fcdfa,Biology,"Ecosystem ",Human Population Impact,Solutions to reduce the negative impacts of a growing population.
b71537c7-4e08-43f8-b2e7-6c7061a64de8,Physics,Material structure,Ionization phenomena caused by light and heat.,
b73a802c-b2d2-4bd7-ad9b-f5bcbca64f50,Chemistry,Chemical Bonding ,Valence,Definition
b79197db-5b0a-4799-b6cd-33d065efaad7,Biology,Evolution,Species Diversity,
b7b2f213-23d7-4d90-8867-ddb001894139,Physics,The universe and its evolution,Stellar Evolution,
b7ba3311-d94e-4012-a081-d16a4eb4848d,Biology,Cell Structure and Function,Bacterial Cell,Cytoplasm: Cellular filling
b89cae8a-2723-454e-8d1f-75a1ad3e3e0c,Physics,Light,Dispersion of Light,
b8a99ad1-ad0f-4bee-899b-50bbb5086768,Physics,Material structure,Negative Ions,
b8ca0799-4d1d-45e6-b67b-d3a703ae6c4c,Biology,Transport in Plants,Transport processes in plants: osmosis,
b8d700e8-3185-4b63-a835-7367a593a45d,Chemistry,Chemical Reactions,Oxidation-Reduction Reactions,Writing Half-Reactions for Oxidation and Reduction
b918d3ce-1128-4ade-a195-ff3cba3f9a22,Chemistry,Chemical Reactions,Chemical Reactions in Essence,Reactant Particle Collisions
b9815130-fc52-4b99-b41d-0b2ae6b4eba4,Chemistry,Periodic law,Nonmetals,Physical properties
b9c4613d-df78-46b4-920a-40b95b030e84,Physics,Sound,Doppler Effect,"Applications of the Doppler effect "
b9fdb380-4450-460b-b0ca-17d222acaaa5,Physics,Light,Dispersion of Light - Color Distribution in Spectrum,Relation to frequency.
bafad499-5288-47de-b654-9c6f79fe9c42,Physics,The universe and its evolution,Expansion Law,Hubble's Law and its importance in cosmology.
bb1a45f7-f60f-4baf-afc6-88bce50cfe47,Biology,Evidence of Evolution,Tree of Life - Monophyletic Origin,
bb62adde-8ff4-4529-984e-8dbb83ea8632,Chemistry,Chemical Bonding ,Covalent Bonding,Properties of Covalent Bonds
bb8a33f5-5aef-4708-8498-3c2e0eb17027,Physics,Optical Instruments,Binoculars,Structure
bba80216-9320-4310-a03a-6f08ae5d59d7,Biology,Ecosystem,Ecosystem Relationships,Describe the energy flow processes within an ecosystem.
bc11141b-73dc-4cd5-8caf-0f96a8affd37,Biology,Evidence of Evolution,Molecular Biology - DNA Sequences,
bc35a1ad-2608-42c9-abe5-f39f25eb64fe,Physics,Optical Instruments,Vision Correction - Farsightedness (Hyperopia),
bc62ffd0-9ee4-46f9-92f5-1d2905f030bf,Chemistry,Periodic law,Nonmetals,Location in Table
bc718710-21bd-4706-a1f5-55b9c9a53abf,Chemistry,Chemical Bonding ,Ionic Bonding,Examples of Ionic Compounds
bc988d02-b63c-4b05-a317-d4a178e7c71f,Physics,Radioactivity,Background Radiation,Measurement
bca46d70-1c20-4e94-b32c-1d2f4b8cbe14,Biology,Transport in Plants,Vegetative Organs,
bd139cb5-c6d7-47f8-b179-70861ab5a440,Chemistry,Periodic law,Metals and Nonmetals," Reasons for Property Differences "
bd2923eb-b0db-4578-bf07-061461de842f,Physics,Material structure,Atom,
bdf8f22f-0224-456d-a30b-bed00e3e9fbd,Physics,Optical Instruments,Lens Characteristics,
be552f03-e08e-47c5-8828-063d02bf2dc5,Biology,Transport in Plants,Transport processes in plants: photosynthesis.,
be9c6620-de92-4e7d-9757-f7ad2df76efb,Biology,Plant Structure,epidermis tissue,
bf566fab-e834-4b8e-a884-6afa1f76219f,Biology,Evolution,Human Evolution,The stages of hominid evolution and important fossil finds.
bf6f0c2f-c1ae-4ae0-a368-f964a69d197d,Biology,Plant Reproduction,Pollination and Seed Dispersal,
bfa61558-a797-4ad3-9751-fab0418736e3,Physics,Sound,Sound Characteristics- Frequency,
bfc8c0bd-ae54-4da5-bfe7-412b785b8d71,Physics,Light,Reflection of Light - Refractive Index,
bff56ec3-2be6-460c-9441-19b6c7686d3c,Physics,Sound,Sound Measurement- Decibel,
c06915a6-991c-42db-b075-774ec0983fd3,Biology,Vertebrates,The respiratory systems,
c096e483-1754-46b1-847d-751f033b6ff2,Physics,Radioactivity,History of Radioactivity Discovery -E. Rutherford's Work,
c195327d-3d63-4ebd-be64-9e1ce5d80c52,Physics,Light,Reflection of Light- Mirror Surfaces,"List different types of mirror surfaces (flat, convex, concave)."
c1d560fa-889a-4f83-8b1d-d648a74cc818,Biology,Viruses,Virus Structure,"Use models to teach students about virus structure. "
c266803d-6afe-43ca-a372-fbf1681d71c7,Physics,Sound,What is Sound,
c28ffd5b-6d71-47be-990a-9c7fbe0b7ee4,Chemistry,Chemical Bonding ,Chemical Safety,Recognizing Hazard Symbols
c445c871-b105-44fc-ad8f-b17ece2e0426,Chemistry,Chemical Reactions,Oxidation-Reduction Reactions,Determining Oxidation States in Binary Compounds
c44763a9-b3c8-4fef-860c-58a79deddf64,Biology,Evolution,"Fossils ",Dating - how fossils help determine geological time and the evolutionary history of life.
c4c5c901-75d8-4040-8741-f0dc07d1a45d,Physics,Sound,Sound Characteristics- Amplitude,Amplitude relation to sound loudness.
c5362650-ce29-4c57-bbf8-e31a0935dc5c,Chemistry,Chemical formulas,Types of Chemical Formulas,Molecular Formulas
c5400515-f9fb-45ba-86fe-a294860753c8,Chemistry,Chemical Reactions,Law of Mass Conservation,Atom Count Conservation in Reactions
c57d77d1-e4d7-4282-8a89-d90e5498ce97,Physics,Optical Instruments,Lenss types,
c6e33198-fa74-48cc-871f-fb57196c0983,Chemistry,Chemical Bonding ,Lewis (Dot) Structures,Representing Ionic and Covalent Bonds
c72e5f88-d8e6-4232-a573-2ca925822b52,Biology,Evidence of Evolution,Embryology - Ontogeny and Phylogeny,Haeckel's biogenetic law (ontogeny recapitulates phylogeny) and its limitations.
c74f87ad-d447-4225-ac38-a850c39a1c46,Biology,Ecosystem,Ecosystem components,Living and nonliving components within an ecosystem.
c763666b-b276-4925-a868-dc99f7c06581,Chemistry,Chemical formulas,Types of Chemical Formulas,Understanding Symbols and Subscripts in Formulas
c7745f27-8993-4fca-8494-5f52a6237b58,Biology,Evidence of Evolution,Embryology - Ontogeny and Phylogeny,
c82f15fd-30f1-46dd-bdb8-29aefabcf347,Physics,The universe and its evolution,Structure of the Universe - Stars,
c85b12f9-2ec0-4f3d-a33e-9a4f97ef2d2c,Physics,Material structure,Electron Charge,The properties of the electron's charge.
c9b8ffeb-c78c-46ac-814f-a1b2235b51c1,Biology,Invertebrates,Types,
ca754baf-cd07-4c62-9096-5694187e3d35,Chemistry,Chemical Bonding ,Valence,Determining Valence from Electron Configuration
cab028dd-f70e-4601-83ed-1ac2e5ddb73d,Chemistry,Material structure,"Relative Atomic Mass ",Definition
cb0ac85a-c196-4b53-9ccf-2fe69ca25195,Physics,The universe and its evolution,Structure of the Universe - Nebulae,The types of nebulae and their role in star formation.
cb2202af-2e1e-4e6f-bfc6-717d8354bc80,Biology,Science of Ecology,Definition,Ecology as the science that studies the relationships between living organisms and their interactions with the nonliving environment.
cc3dedb5-8201-485c-b6dc-900bc070fb05,Physics,Demo,Demo,Demo
ced5e74f-6346-43fe-942a-d87ea0eaf4c8,Biology,Plant Reproduction,Pollination and Seed Dispersal,The importance of pollination and seed dispersal for ecosystems.
cee30980-5943-444a-87d2-2b1ef237236e,Biology,"Ecosystem ",Community Change,Seasonal Changes
cf620015-6225-4d6a-8688-0f0e4ad812b5,Physics,Sound,Sound Diffraction,
cf966903-6387-437d-a24a-55ead4bcc8b3,Biology,Food Chains & Webs,Biodiversity & Stability,Feeding relationships influence ecosystem biodiversity and stability.
d028e121-8af6-4e3c-a286-4d319b1ec5df,Chemistry,Material structure,The properties of the nucleus,
d092a152-a62d-4a67-87d0-87f35e116d35,Physics,Light,Reflection of Light - Optical Fibers,
d2774040-8fb0-4cab-9ff1-c47e7b79ba49,Physics,Sound,Sound Diffraction- Bending,Examples of sound diffraction.
d3578d57-4571-48fe-a70e-85910045bc61,Physics,Radioactivity,"Applications in Medicine of Radioactive Isotopes ",
d39794ec-02e4-4564-9599-cc5528325d05,Chemistry,Chemical Bonding ,Ionic Bonding,Definition
d474314f-d868-46e4-851c-58cc4318b4b0,Biology,"Ecosystem ",Interspecies relationship types,predator and prey
d50184b3-3df8-4770-810b-47f3c2f4ed78,Physics,Sound,Types of Sound- Audible Sound,The frequency range of audible sound and its importance for humans.
d600db78-e972-418e-84a6-e39df80d7e4d,Physics,Light,Dispersion of Light - Color Distribution in Spectrum,The distribution of colors in the spectrum
d6ac204f-6147-4eb0-a18d-295fb33f4c24,Physics,Sound,Sound Applications- Echography,The principle and medical applications of echography (ultrasound imaging).
d73f0952-3cb6-4dcc-8d0f-7de2c2867163,Chemistry,Chemical Bonding ,Molecular Structure Modeling,Determining Molecular Geometry from Formula
d7ebd822-7a28-4699-bf95-35abb0c28ff2,Physics,Radioactivity,"Applications in Scientific Research of Radioactive Isotopes ",
d822a4f6-56f8-4776-bd4d-47813572f524,Physics,Material structure,Positive Ions,The mechanism of positive ion formation.
d8395c03-0813-4a6b-8586-fdcabd455731,Chemistry,Chemical Bonding ,Lewis (Dot) Structures,Drawing Lewis Structures from Chemical Formulas
d8cec66e-0dcb-40a3-9f42-3f7d4f29068c,Physics,Material structure,Elementary Charge,
d8cf6ea6-8307-4e30-bf19-bf45d2d125fa,Physics,Optical Instruments,Telescopes,Types
d8e12867-d26c-45c1-9abc-f51064ab7903,Physics,Radioactivity,Radiation Pollution - Sources,
d94bb7f1-595e-4740-a99b-3d3101c77c23,Biology,Plant Structure,vascular tissue,
da2a397b-bd13-48d1-8ee8-2cba4a7c3832,Biology,Cell Structure and Function,Structural Levels of an Organism," Cell, Tissue,  Organ, Organ system, Organism"
daa045db-a119-4cfb-8572-805fe4025334,Chemistry,Periodic law,Electron Loss and Gain,
db145c4a-5a3d-4938-a24d-87d4e028e9c2,Biology,Evidence of Evolution,Phylogenetic Tree,
db883149-8a86-4279-a194-1c9c41a81419,Physics,Radioactivity,History of Radioactivity Discovery - M. Sklodowska-Curie's Work,
dba41523-7ed2-454c-904a-6d01beb0a2c5,Chemistry,Material structure,Relative Atomic Mass,
dbd89da7-8914-4e64-abdb-bf397bbb5603,Physics,The universe and its evolution,Stellar Evolution,Supernovae
dbe2251d-197d-414b-b247-aceee9f01fa7,Chemistry,Chemical Bonding ,Electronegativity,Electronegativity Difference
dc25b546-dfda-4356-a3fe-2b5f25026be1,Physics,Theme,Sound Sources,Artificial sound sources
dca6b973-7dc1-4111-9245-ad46d6b0860f,Physics,Sound,Sound Diffraction- Bending,
dce7bb98-cb51-4d91-9f89-2785989f25cf,Biology,Evolution,Species Diversity,Origin of Species
dd227d3b-6ca9-4cfd-96a0-d60cf1efcaa1,Chemistry,Periodic law,Metals,Chemical properties
dd6cb0fb-3f9c-45fb-9159-5b35aba7b476,Chemistry,Material structure,The properties of the electrons in an atom,
dd9a19c2-d8d6-423d-81ce-c9857604fbbf,Biology,"Ecosystem ",Interspecies relationship types,
ddddb12c-8cef-4bbc-a7f7-b08ac4a552a3,Physics,Sound,Sound Diffraction- Bending,The phenomenon of sound bending around obstacles (diffraction).
dde25201-73a1-4fd0-806a-0158c7bf57df,Chemistry,Material structure,The number of neutrons in an ion,
dde69de3-3f08-49af-a92e-864cc2e2f8ff,Biology,Evidence of Evolution,Comparative Anatomy - Homology,
df42456a-eb88-4aec-b68d-fa6328581463,Physics,Optical Instruments,The Eye,
df4dd7c9-6485-4bf7-b4ce-69b2ed066bbc,Physics,The universe and its evolution,Stellar Evolution,Main Sequence Stars
dfabced8-fd7a-4de0-a9e3-6da370e2ca82,Biology,Invertebrates,"Identify representatives of arthropod classes living in Lithuania: crustaceans, arachnids, insects",
e007cea5-f752-4cb7-a92b-59548384ccc5,Physics,Optical Instruments,Vision Correction - Nearsightedness (Myopia),The cause of nearsightedness
e03609be-c04c-4c62-8234-8802a1baf79f,Physics,Types of Nuclear Reactions,Fission,The consequences of a critical situation arising from negligence in nuclear power plant operation.
e048bb8f-65df-471c-aa2c-750731bda7e8,Physics,The universe and its evolution,Big Bang Theory,Age of the Universe
e0df46e0-b69d-47aa-af89-6686025376f9,Biology,Evidence of Evolution,Paleontological Data,Transitional Fossils
e0f731cc-9c09-4383-8e8f-e216e4245024,Biology,Plant Reproduction,The flower as a sexual reproduction organ,
e10ed4cc-42e5-4a04-b049-777ef6885f75,Physics,Types of Nuclear Reactions,Fusion,
e162bc28-8df9-448b-a5b8-a7546be634ad,Biology,Ecosystem stability,Biodiversity Conservation Importance,
e2eb24f7-bdc9-4ca5-bba9-b7cea6b20200,Chemistry,Chemical formulas,Types of Chemical Formulas,Differentiating Between Formula Types
e3db78d2-eea0-4d6e-9650-14ce93ae7d87,Chemistry,Material structure,Nucleus,
e43f2c6d-9d68-4a3f-a0d1-9d7d1b2e05b2,Physics,Radioactivity,Beta Radiation,
e4932989-5996-4a95-a0f4-5bef87b7ac1a,Biology,Plant Structure,Flowers,the functions
e50e71f2-0a23-499d-83fa-f49e6212a839,Chemistry,Periodic law,Valence Shell,The properties of Group 1 (IA) metals and explain their similarities
e5ef6c6a-1c0c-42e8-8021-80985d266f6a,Biology,Diversity of life,Purpose of Classification,
e661f736-5245-4414-b1af-6fa8a4b0011d,Chemistry,Periodic law,Metals,Physical properties
e6d3d47d-81b9-4812-9d79-d5477c19e29e,Physics,Light,Light Propagation,
e7bdc5f3-269b-459d-a737-a297a5b071c8,Physics,Light,Transparent and Opaque Materials,The color of transparent and opaque objects.
e88cb540-ef1e-4f1f-8bb9-896f0aff0dcf,Biology,Ecosystem,Ecosystem Definition,
eab15dcf-2721-47e0-8a8d-7e9ac109646d,Chemistry,Periodic law,Metals and Nonmetals,
eb40c138-4186-4a5d-b5b2-67353d9fdafe,Biology,Invertebrates,the external anatomical features of arthropods animal groups,
eba5244b-877c-4cbe-a0ae-3c624514f5c4,Biology,Mitosis and Meiosis,Importance of Mitosis,
ecc00d1e-4c91-4b99-8913-1d2c0af61928,Biology,Transport in Plants,Transport processes in plants,
ee01b42b-d2db-4e1a-b842-a5d0f679f927,Biology,Evidence of Evolution,Origin of Life,Chemical Evolution
efb3b65b-bfae-4394-9eca-3e7d74a21dc0,Biology,Cell Structure and Function,Plant and Animal Cell,Plasma membrane: Transport of materials
f0243fce-47cc-428b-a560-6941032f59ec,Physics,Types of Nuclear Reactions,Fission,The actions that should be taken in the event of a nuclear power plant accident.
f0bf0b83-dc09-44b1-917e-2d5b243ae384,Chemistry,Periodic law,"Metals ",Location in Table
f16c0cd9-a3dd-4157-91ae-b0d59e3210c5,Chemistry,Material structure,"Protons, Neutrons, and Electrons",
f20abab6-82ce-49b5-a1c7-5576460a2181,Chemistry,Chemical Reaction Energy Transformations,Exothermic and Endothermic Reactions,Principles of Heat Pack and Cold Pack Applications
f3b30907-985f-4ba0-9657-eec5117cabc5,Chemistry,Chemical formulas,Chemical Formulas of Simple Substances,Explaining Symbols and Subscripts in These Formulas
f53025ac-a11b-4d65-9f6e-5e2275f41a7c,Chemistry,Periodic law,"Essence of the Periodic Law ",Electron Configuration
f5f9a94e-a755-40fc-ac0a-2f1d65076f1b,Biology,Transport in Plants,The adaptations of roots and leaves to function under different growing conditions,
f78ebe57-9d2b-4091-901c-9fbffa40de18,Physics,Light,Transparent and Opaque Materials,
f7da7687-86c6-441f-a33c-5ad3cc26d56d,Physics,Optical Instruments,Image Formation with Lenses,
f80a9bf3-7af3-40db-bfa0-7e48d1b93d6c,Chemistry,Chemical formulas,Chemical Element Symbols and Subscripts,Learning Chemical Element Symbols
f8278a38-ba7e-4ab2-a591-9a3324f280b0,Biology,Cell Structure and Function,Plant and Animal Cell,Cell wall: Protective function (plants only)
f82cfb43-c1ae-44f8-9fe2-16018ca36b92,Physics,Optical Instruments,Astronomy - Methods,
f876b028-1d67-4dcc-aac7-a3d8fe741b24,Physics,Optical Instruments,Lens Characteristics,Focal Length unit
f8d27761-4074-4f47-a962-80e0923b1585,Biology,Evolution,Darwin's Theory,Explain struggle for existence
f901b4ec-f595-4c53-af54-20335c5860df,Chemistry,Material structure,Atomic Structure,
f9304d2b-5357-4221-8431-778586d719d5,Biology,Vertebrates,The external body covering,
f9695f96-eea0-4559-b663-81db3851e82e,Physics,The universe and its evolution,Structure of the Universe - Galaxies,
f9ca3e9f-434d-4fb0-8dac-1f7cee0ab888,Chemistry,Material structure,Chemical Elements,The system for chemical element symbols
f9fbfc5f-5f47-4267-bf1e-8af899d2dbe3,Physics,Sound,Sound Propagation,
fa0ae3e5-5fb6-442e-a45b-8556762bd375,Biology,Energy Pyramid,Terrestrial Ecosystems,
fb41a5e2-64b1-4653-bf57-1d127fd2016b,Biology,Cell Structure and Function,Plant vs Animal Cell,"Similarities: Nucleus, mitochondria, plasma membrane, cytoplasm"
fb804ddc-147e-44e3-b9e6-aacb0707507e,Physics,Types of Nuclear Reactions,Fusion,The purpose of the Large Hadron Collider (LHC).
fc210f6c-d1e5-4a0b-8bc7-89db23a8688b,Biology,Invertebrates,Classes of Arthropods,
fc4fd2a0-9189-47c3-bf54-d58d123d6aa5,Chemistry,Chemical Reaction Energy Transformations,Exothermic and Endothermic Reactions,Identifying Reaction Type (Exothermic or Endothermic) from Temperature Changes
fd1b11bc-38ba-4c87-a4f7-2f7adb1d3ae1,Physics,Types of Nuclear Reactions,Fission,List the products of nuclear fission.
fd2fd825-9867-4f15-90a6-06f8653b9aba,Physics,Types of Nuclear Reactions,Fission,Define the concept of nuclear fuel.
fdbb07c0-da50-4402-ab24-9bdce0e27b50,Biology,Evidence of Evolution,Embryology,
fe49b987-2de6-428b-9bec-936de5ee7955,Physics,Light,Dispersion of Light - Spectrum,
fe66a83f-fe03-4dcf-8ca9-146f98124446,Chemistry,Periodic law,Element Abundance,
fe7ffa96-c4cf-4d62-8768-73d3b79de7ba,Physics,Sound,Doppler Effect,Doppler effect phenomenon and provide examples.
fea63188-ad39-403b-81ee-b4eb3ae29121,Biology,Viruses,Virus Role,
ff043ecb-53b5-4193-b7b6-2df0f5aa722a,Biology,Plant Structure,tissue tissue,the functions
ff601515-20c3-42d3-a9f0-ef4ec4a3f44f,Physics,Sound,What is Sound,Definition
ffe5c033-8136-4c1e-83f5-6a35e3cdc86c,Biology,Diversity of life,Classification Principles,"The main principles of classification, such as similarity, evolutionary relationships, and genetic information."
